ID,Title,Content,Creation Date
1108zxj,"I accidentally came across my senior engineer on an online video game, now he‚Äôs being distant at work.","I know this is a crazy situation, I still can‚Äôt believe it but it happened. Honestly, if I wasn‚Äôt terrified of getting fired during this market, I‚Äôd would find this situation funny hilarious.

During stand ups, My senior engineer has a *very* distinct sound in his background. It‚Äôs  like a vacuum, but the pitch of the sound gets really low, then quickly becomes high-pitch. He was always a quiet, but very cheerful person with a thick Spanish accent. He also lives with his brother, who calls him by his nickname.

Last Monday, I played COD late at night, and almost immediately, I heard somebody from the other team with that same vacuum pitch. They were winning and we started arguing, and that‚Äôs when he finally started talking. It was exact same accent, and at that point, I was willing to put money that it was my senior.

Near the end of the game, both of us were completely trash talking each other (nothing hateful, just small banter, apparently he‚Äôs very competitive). It felt so out of character for him, he was laughing a lot; it was entertaining. As a joke, I called him out by his nickname, and he immediately goes quiet. I reached out to him after the game saying that it‚Äôs me, and he doesn‚Äôt respond at all. 

The next day, his attitude is now cold. He‚Äôs very silent during our calls, and isn‚Äôt explaining things the way he used to in the past. I sent him a message during closing saying that I hoped I didn‚Äôt offend him during the game, and I actually really respect them. He claims he has no idea what I‚Äôm talking about, and just brushed me off. He remained dismissive the remainder of the week

Now it‚Äôs the weekend and Im trying to catch up on work, but Im lost on how to proceed with him. I feel like he‚Äôs practically cutting me off. Im not sure what to do at this point. I even recorded the footage from the game, I heard it over again, and there was nothing offensive. He even started the trash talking. This feels so unreal, and I never thought something like this could happen.

Edit: For reference, I have 4.5 years of experience. I carry my weight really well in the team and serve as a mentor for junior developers. I‚Äôd  find it hilarious if one of the juniors came up to me and mentioned we met online

Edit: I‚Äôm going to clarify a couple of things, since there are a couple of misconceptions that are spreading

1) My senior and I have been the only devs for nearly 2 years until 2020. We managed to hire a ton of new graduates ever since the Covid outbreak, and now we have a fully fledged team. There‚Äôs a lot of work, but we have meetings to discuss how to properly mentor juniors and planning for tasks.

2) We were on really close terms. I knew a lot about his personal life and vice versa. we were friendly. We‚Äôve had plenty of banter during our work meetings when we worked alone. This isn‚Äôt some dude I just decided to friendly to. This was a friend that I knew for nearly half a decade. That‚Äôs why I‚Äôm shocked at his response

3) I did not bother him repeatedly about this situation. The moment he went silent after I introduced myself during the game, i got the hint dropped it. It wasn‚Äôt until I realized that work is currently being affected since our encounter that I sent an apology, hoping to mediate things and continue things as they were before.

4) his nickname was something his brother called since they were kids. He personally enjoys the nickname and even has that set as his name in meetings. Everybody at work and his friends call him by it. Some juniors don‚Äôt even know his full first name.

5) I record a lot of gameplay, it‚Äôs not something that I did out of context. I went to check on the recording because I wanted to verify if there was anything I said that was vulgar/offensive that might have led to this. He DOESNT know I have gameplay saved. There was NOTHING malicious, from both of us. if he‚Äôs uncomfortable with the gameplay, i‚Äôd delete it in an instant.

6) my main issue is that his self-destructive attitude is blocking our development process. I‚Äôm perfectly okay with pretending this never happened. But he‚Äôs not addressing tasks / helping juniors nor is he acknowledging the issue. A lot of work is getting funneled towards me. I DONT mind working a 9-5, 40 hr week, but there are juniors who are need guidance, and if I abandon them, they are more likely going to fired, especially during this market.

I thought this was a harmless scenario, and I hoped for advice to address how we can make things better. Instead, I‚Äôm met with pitchforks about I fucked his life over, deserving to get fired along with the rest of the team. Seriously, hop off the echo chamber hive mind and quit exacerbating a situation far beyond then it really is. He needs to grow up and acknowledge that there‚Äôs an issue instead of letting us burn in quiet. 

Everybody on this thread is trying to explain why he acted this way, but it definitely doesn‚Äôt justify his actions. Nobody deserves to lose their way to pay bills or provide food on the table over something as ridiculous as this. Y‚Äôall heartless bastards need to grow the fuck up.",2023-02-12 06:26:35
111mq5e,After Almost Two Years It Finally Happened,"Former drug addict (20-25) and was able to get my Software Engineering degree two summers ago at age 30 (2021). I completed an embarrassingly amount of applications. I was losing hope. 

A local company finally gave me the break I desperately needed  

I really don't have any family or friends left. Just wanted to share. It has been a long ride.",2023-02-13 22:56:26
15vmsnk,A recruiter from Tesla reached out and I cannot believe what this sh*tcan of a company expect from applicants.,"3 YoE.

Recruiter pinged me on LinkedIn.

I said sure, send me the OA just to humor the idea.

They sent me a take home assignment that I'm expected to spend ""6-8 hours on"", unpaid, to write a heavy graph traversal algorithm given an array of charging station objects with a bunch of property attributes like coordinates attached to each object.

Laughed and immediately closed it and went about my day.

What a f*cking joke üíÄ",2023-08-19 17:54:44
12isln9,"If HR and the CEO join your standup, you're all getting laid off","Just an FYI, don't get blindsided like I did. I have a tendency to be optimistic. 

There are not usually any exciting updates to reveal, this is the sign of a goodbye waiting to happen.",2023-04-11 18:21:51
101db50,Anyone else dreading going to work after the holidays?,"Basically the title..

I have a great job, interesting, good co-workers, sane management, awesome work life balance, fully remote.. but I'm still dreading having to work tomorrow. Going to really miss the holidays.

What about you?",2023-01-02 14:02:07
116oo6o,FTC has proposed banning non-compete agreements. PLEASE go comment in support of this for your own good.,"Short summary:

The FTC has proposed a rule to ban non-competes, and retroactively invalidate old ones.

For those not familiar, many tech companies outside of California force employees to sign horrible non-competes that prevent you from getting other jobs related to that. These are downright evil.

Why?

1. They can be super broad, capturing massive industries or technologies

2. They can include ""lists of competitors that we can add to at any time""

3. They apply to nearly everyone, not just those with sensitive information

4. They are absolute bullshit. These contracts essentially would prevent you from working at companies with the exact skillset you grew.

How would you feel if you were desperate for a job right now and dealing with this?

Please, please, please go make a public comment here before the FTC stops taking comments. Discuss how it restricts competition.

[https://www.regulations.gov/document/FTC-2023-0007-0001](https://www.regulations.gov/document/FTC-2023-0007-0001)

Comment button is the blue button on the top left",2023-02-19 21:35:56
11epk68,What is your unethical CS career's advice?,Let's make this sub spicy,2023-03-01 00:54:55
18bj8pz,"Many of you are ruining this sub, and you don't even know it.","TLDR: Stop framing every opinion as fact.

The worst part of this sub is not the amount of bad advice (which is already astounding on its own). It's the amount of kids who are confidently incorrect and voice their inexperienced opinions as fact. 

The problem is the new grads who think their limited experience is representative of the whole industry. The problem is the college kids who think their limited interactions with CS folks makes them an expert. The problem is the high schoolers who see the above commenters and blindly regurgitate that garbage.

The problem is that the above people almost always fail to qualify their statements with what their background actually is. 

* They fail to say, ""I've seen others say....""
* They fail to say, ""As someone still in college, I think....""
* Instead, they say, ""This is how things are.""

For a sub about career questions/advice, how are the newly initiated supposed to differentiate the hot garbage from actual, useful advice? (Hint: They don't! Because y'all love to upvote the disinformation to the top too!)

Here's a taste of my own experiences interacting with people from this sub:

* Someone suggested big tech has about the same WLB as a ""chill government job."" What did they do when I confronted them about it? They tried to straw man me by saying I believe all big tech was 60 hour work weeks.
* Someone was overinflating Bay Area rent prices. What did they do when I confronted them about it? They proudly claimed that their Canadian ass knew better than my 20+ years of living here because they looked up the price of a specific apartment in SF next to a train station.
* Someone claimed something iffy about the hiring process (I forgot what by now). What did they do when I asked them for a source for their statement? They referred to their astounding experience of setting up career fairs...as a student.

There's a reason why more experienced folks think this sub has become trash. It's become flooded with ego-boosted kids who comment as if they've never been wrong a single time in their lives. It's full of the CS-stereotype kids who like to double down on their mistakes because they're insecure about the possibility of being wrong. Oh, you've had 4 years of college experience? Congrats! You still don't know shit.

But there's a solution! Simply qualify your statements. It's ok to voice your opinion. And we're all wrong sometimes. But don't give others a false impression of how accurate your comments are by framing every single opinion as fact.

Edit: And for all of you compelled to leave an uninspired comment about me stating everything as fact, feel free to contribute to the convo here: https://www.reddit.com/r/cscareerquestions/s/B328DfIEVG

And regardless of whether or not my post applies the same way, feel free to read up here: https://en.m.wikipedia.org/wiki/Tu_quoque",2023-12-05 18:54:28
166e0dt,Unlimited PTO is such a scam,"My company offers unlimited PTO as a ‚Äúbenefit‚Äù. Complete scam. In reality many companies don‚Äôt want you to take any. They just don‚Äôt want to pay unused PTO at the end of your employment, period. Such a scam. Why not to name it as it is: ‚Äúno guaranteed PTO‚Äù. Name it as it is. Companies don‚Äôt like employees lying on their resumes, but they just throw scammy ‚Äúbenefit‚Äù promises on you no problem. How would they like if employees would say ‚ÄúI am ready to work unlimited hours, do unlimited OT, be all the time on call etc‚Äù but in reality underperform on max. Bet they would not like that",2023-08-31 15:19:22
18szhyk,"""We stopped hiring juniors because they just leave after we train them""",Why are they leaving? Did you expect to give them a year or two of experience but keep them at their junior salary forever? If they are finding better jobs doesn't that mean you are undervaluing them? So your $80k dev leaves because another company recognizes they are worth $120k and now you have to go find an equivalent replacement...at $120k market rate. What am I missing?,2023-12-28 17:33:39
1360yie,I stuck to my guns on WFH.,"Been in negotiations with a company that is semi local. A little more than an hour away.

They wanted me in office 3 days a week, despite having many people fully remote already.

I said I would do one day per week, tops, and only if it's flexible.

Happy to say they caved and I will be considering an offer shortly.

If we all don't give in to RTO they won't have a choice but to offer WFH. I know not everyone will feel the same but hopefully this encourages others to keep the gains we have made.

UPDATE:

The company ended up hiring someone with a couple more YOE for less than what I was asking (same as I make now) but fully remote.

This market sucks. But a win for WFH at least? Turns out their RTO policy is just for locals, which is fucking stupid.",2023-05-02 21:31:29
129zj0s,"Always take PTO, ESPECIALLY if you have ""unlimited"" PTO.","Always take regular PTO time.  Try to ""maximize"" PTO time in ""unlimited"" PTO company.

Most ""unlimited"" PTO companies are OK with 4 - 6 weeks of PTO.  Some companies will allow more.  Try to take as much time off as possible.

Taking PTO time WILL NOT affect performance.  If you are high performer, you deserve time off to relax.  If you are low performer, there are bigger issues, PTO time will not affect low performance.

Go do something interesting and fun.  If not, just sit in a dark room for a week.  Whatever you do, ALWAYS take regular PTO time.",2023-04-02 21:52:29
16rd4b8,60k/year straight out of college is great,I feel like some people on Reddit don‚Äôt understand getting a 60-75k/year salary job straight out of college is great in most places in America. Obviously big tech pays better but CS is still in demand and offers better jobs than most fields. The doomer posts are unserious.,2023-09-25 00:08:34
138m7kg,"How many of us are software engineers because we tend to be good at it and it pays well, but aren't passionate about it?","Saw this quote from an entirely different field (professional sports, from the NBA): [https://www.marca.com/en/basketball/nba/chicago-bulls/2023/05/04/6453721022601d4d278b459c.html](https://www.marca.com/en/basketball/nba/chicago-bulls/2023/05/04/6453721022601d4d278b459c.html)

From NBA player Patrick Beverly: 50 percent of NBA players don't like basketball. ""Most of the teammates I know who don't love basketball are damn good and are the most skilled.""

A lot of people were talking about it like ""that doesn't make sense"", but as a principal+ level engineer, this hits home to me. It makes perfect sense. I think I am good at what I do, but do I love it? No. It pays well and others see value in what I have to offer.

How many others feel the same way?",2023-05-05 13:45:36
141os12,This Sub Needs to Go Dark on June 12th,"For those who are unfamiliar with upcoming changes to Reddit API, [this thread has a great summary](https://www.reddit.com/r/bestof/comments/140pqxs/dont_let_reddit_kill_3rd_party_apps/) of what's happening.

All of us, whether we are current or aspiring professionals, should understand better than the general populace how important it is to have an accessible API in software development. I understand that Reddit is a for-profit company who needs to make money. However, these upcoming changes are delusional at best and would practically end all third-party apps and bots out there. 

We need to be in solidarity and go dark on June 12th. Whether it is 48 hours, one week, or permanent, we can't just sit here and pretend that nothing is happening.


**EDIT:**

Thanks everyone for sharing your opinions. It's interesting to others' opinions on both the core topic itself (the changes to Reddit API) and on the blackout.

I want to clarify a few things based on the responses and comments I've seen so far. Note that this is my opinion, I am not trying to represent how others feel about this issue.

Here it goes.

> Reddit is a private company, they have the right to make money however they want and be profitable.

I don't disagree with this. I've worked in a tech company who charged others to access our API before. They are allowed to put any pricing model and restrictions they deem to fit. At the same time, I do not agree with the pricing model they are proposing. Its exorbitant rate would drive third party apps, bots, moderation tools, etc out of existence. 

> Third party apps should not get API access for free and keep the profit.

I am not saying they should either too. Developing and maintaining API is not cheap. Reddit should be compensated and make profit off of it. At the same time, again, the rate they're proposing is way beyond what any 3rd party developers could afford.

> Just use the official app or site

For some people, the official app and site work fine for them. But for many others, the experience is day and night. I've tried the official app, Relay, RIF, and Apollo. To me personally, the official app is almost unusable and a deal breaker if I had to use it. I've heard the same sentiment from other people in the last few days as well. 

Let's not also forget, Reddit did NOT develop mobile app for a long time. It took so many 3rd party developers for Reddit to finally decide that they need to release their own. Users relied (and still continue to rely on) these 3rd party apps to access Reddit when the there was no official mobile app and the mobile site was horrendously bad. Reddit not listening to a community that it's made out of has been a pattern for a long time. 

Also, I have heard that the official app is not exactly accessible friendly. I'm lucky that I don't need accessibility features, but I understand how important it is to make contents accessible to all users. Those who have dealt with ADA complaints and WCAG should understand this. 

> Blackout won't do or affect anything

This depends on by how you'd measure the impacts of a blackout. From financial standpoint, a 48 hours blackout on **some** subreddits probably won't mean anything. Reddit will still be there. The site, app, or API will still continue to work. 

To me, however, this is about putting our voice out there. Let's be honest. Reddit's from tech product perspective, relatively, is not much more extraordinary than a lot of sites out there. What Reddit has is its users, its communities. Reddit is nothing without its users. Voicing our disagreement and discontent is not nothing. Let's not forget what happened to Digg; it's still active by the way, but relatively tiny to what it used to be.

**Final thoughts (for now)**

It's up to you whether to support this blackout or not. To me, Reddit's power is its community, and it is important for Reddit to listen to the community. Reddit can (and should) be profitable, but I'm afraid that the way they are approaching their API business model is going to drive many user base away and thus breaking many of its subreddits and communities.",2023-06-05 19:19:40
152g5dm,"Years ago, I accidentally deleted the entire credit_cards table of $100 million corp, on my 3rd day on the job.","This was back in the mid-2000s. It was my first programming job at a mid-sized corporation. I had been programming professionally for some 3 years in that language. I was hired as a Junior.

On my third day, I logged into what I thought was my newly-setup dev environment, into the /admin section, and clicked on the link to PhpMyAdmin in the top right corner of the page.

Every single employee had access to this link, and it wasn't password protected or anything.

Then, inside PhpMyAdmin, there were all these rows of what I thought was junk data in the `credit_cards` table, so I just did a `TRUNCATE credit_cards;` and went on with writing code.

Less than a minute later, a phone started ringing downstairs. Then one-by-one everyone's cell phone went off. This was in the days before slack. We sometimes used Skype for messaging.

Someone came running downstairs: ""WE CAN'T FIND ANYONE's CREDIT CARDS AND THE CHARGING PAGE IS JUST A WHITE SCREEN!""

I told my boss, well, I did just truncate the credit card table on my DEV box.

He took one look at my screen and said, ""Nope. You did that on Production.""

""What?! Production admin has the same simple login as dev? There's no password for PhpMyAdmin? and it didn't even ask for a login to the MySQL server!""

Long story short, they soon found out that the database backups hadn't been running for the last 7 months, either. They restored the cards up til January, but then, I wrote a SQL query to find all the affected customers, some 25,000 orders affected since.

Customer Service had to call them all back and grab their credit card info again, over a period of weeks.

My next ticket was, at my strong insistence, to remove the PhpMyAdmin link from the Production Admin (that all the hundreds of employees had access to), while a senior dev analyed the Apache logs for ""unauthorized access"", which they found lots of. Then, I made some code changes that gave dev, qa, staging and prod different colored navbars so no one would be so easily-confused by what site they were on.

It actually led to the arrest and imprisonment of a customer service woman who had been using stolen credit cards (from that table, nothing was encrypted (!!)) to buy lunch for months and months and never been caught. One day, they set up a sting operation and she was the only one with steak for lunch that day. FBI came and escorted her out.",2023-07-17 22:28:37
15wf2w9,Name and shame: OpenAI,"Saw the Tesla post and thought I'd post about my experience with openAI.       

Had a recruiter for OpenAI reach out about a role. Went throught their interview loop: 
1. They needed a week to create an interview loop. In the meantime, they weren't willing to answer any questions about how their profit-share equity works.       
2. 4-8 hour unpaid take home assignment, creating a solution using the openAI APIs amongst other methods, then writing a paper of what methods were tried and why the openAI API was finally chosen.      
3. 5-person panel interview         
The 5-person panel insterview is where things went astray. I was interviewing for a solutions role, but when I get to the panel interview, it a full stack software engineering interview?      
Somehow, in the midst of the interview process, OpenAI decided that the job should be a full stack software engineering job, instead of a solutions engineering job.     
No communication prior to the 5 panel interview; no reimbursement for the time spent on the take home.      
I realize openAI might be really interesting to work at, but the entire interview process really showed how immature their hiring process is. Expect it to be like interviewing at a startup, not a 500+ company worth 12B.         

Edit: I don't know why everyone thinks OpenAI pays well.... most offers are 250+500, where the 500 is a profit share, not a regular vesting RSU. Heads up, even with the millions in ARR, OpenAI is not making any profit, not to mention the litany of litigation headed their way.",2023-08-20 15:57:43
17p4tue,Are companies allowed to hire fake recruiters to test your loyalty?,"This was a bizarre interaction, I had a recruiter reach out to me for a job, currently I am happily employed making a good salary in a good environment. I told the recruiter to keep my information for the future incase anything changes, but I am fine where I am and not interested. I get an email back saying I ""passed the test' and it was a fake recruiter hired by the company to test employee loyalty. I honestly thought it was some new online scam or something at first, but I talked to my manager about it and he said that yes the firm does do that from time to time. 

Is this fuckin legal? because now I am worried all future recruiters are ""tests"" and this left a really bad taste in my mouth.",2023-11-06 15:08:13
1226hcn,I'm worried about AI taking our jobs,"Last week, I had to implement some backend logic for one of our internal api's that takes an integer input and generates sequential numerical output.  The catch is that in order to maintain backwards compatibility with some of our legacy enterprise systems, we need to set every value that's divisible by three to match a key representing our ""flexible and interoperable zero-downtime zero-data-loss"" service or ""Fizz"" for short.  Any values divisible by five will be integrated with our ""Backend Utility for Zero-downtime Zoning"" service, so we represent them with the phrase ""Buzz.""  Values that are divisible by both 3 and 5 receive the designation, ""FizzBuzz.""  This task would normally take me all day, but I asked ChatGPT to create a python script that could produce the expected output and it did it instantly.  The code works flawlessly too.

This isn't the first time chatGPT solved a complex problem for me.  A few weeks ago, we had a P1 emergency when bad data from a botched sftp ticket messed up the data in our CRM system.  The nodes storing the customer interactions were in the wrong order and we needed to reverse them so the latest interactions were readily accessible.  It uses an unusual data structure to hold information, where each node contains a pointer to the next node and the only way to get to the end is to traverse the entire structure, so I asked chatGPT for code to reverse the data structure and it did it in seconds.

Finally, we're rolling out a fraudulent transaction detection system ahead of our next security audit.  The goal is to detect fraudulent transactions by looking for patterns and anomalies in financial data, particularly by looking for pairs of transactions that add up to a suspiciously large amount.  I asked chatGPT for a solution and it suggested we use a hash table to store the amounts of each transaction along with their unique identifiers (such as transaction IDs or customer IDs). Then we iterate through the transactions and check if the difference between the target amount (e.g., a large transaction threshold) and the current transaction amount is already in the hash table. If it is, then there exists a pair of transactions that add up to the target amount, and this could be flagged as a suspicious pattern.

Is anyone else freaking out right now at how good ChatGPT is at doing real-world software development!!??",2023-03-26 01:19:54
11yj23m,My bank is returning to 5 days a week in the office amidst the tech lay offs did we lose all our bargaining power?,"I swear just a year ago everyone was competing and offering work from home, and now with the tech lay offs companies gained all the power back, and now I see people who are adamant about wfh sucking it up and clocking in. This is genuinely heart breaking, I don't want to miss my kids first steps to be in some cubicle because I'm not ""uncomfortable enough"" at home. I'm thinking of quitting, but all these posts about the market got me really scared to quit. I only have about 4 years experience.",2023-03-22 13:25:11
18gwimr,"I am NOT an ""engineer""","This is something that has bothered me ever since my first internship. They insisted on giving me the title Software Engineer Intern. For starters, I am not an accredited engineer. Second, I do not ""engineer"" software. I am not some greasemonkey making bridges. I am creating succinct and elegant code. Was Shakespeare a copywriter? Was Mozart an audio technician? Absurd. I have had three jobs in my career so far. Every. Single. One. has REFUSED to correct my title to Software Artist. I have yet to find an employer that can truly appreciate the work that I do.",2023-12-12 21:11:20
143fvhm,/r/CSCareerQuestions will go dark on June 12 for at least a week in protest of Reddit's API changes that will kill third party apps.,"Tl;dr: /r/cscareerquestions will go dark on June 12 for at least a week in protest of Reddit's API changes that will kill third party apps, such as Apollo, RIF, and others.  We will start with a week but may extend later on.  We want to balance our protest with the needs of the community.

I wanted to cross-post this but ironically Reddit's cross-posting is broken at the moment.

Source: [https://www.reddit.com/r/Save3rdPartyApps/comments/13yh0jf/dont\_let\_reddit\_kill\_3rd\_party\_apps/](https://www.reddit.com/r/Save3rdPartyApps/comments/13yh0jf/dont_let_reddit_kill_3rd_party_apps/)

# What's going on?

A recent Reddit policy change threatens to kill many beloved third-party mobile apps, making a great many quality-of-life features not seen in the official mobile app **permanently inaccessible** to users.

On May 31, 2023, Reddit announced they were raising the price to make calls to their API from being free to a level that will kill every third party app on Reddit, from [Apollo](https://www.reddit.com/r/apolloapp/comments/13ws4w3/had_a_call_with_reddit_to_discuss_pricing_bad/) to [Reddit is Fun](https://www.reddit.com/r/redditisfun/comments/13wxepd/rif_dev_here_reddits_api_changes_will_likely_kill/) to [Narwhal](https://www.reddit.com/r/getnarwhal/comments/13wv038/reddit_have_quoted_the_apollo_devs_a_ridiculous/jmdqtyt/) to [BaconReader](https://www.reddit.com/r/baconreader/comments/13wveb2/reddit_api_changes_and_baconreader/).

Even if you're not a mobile user and don't use any of those apps, this is a step toward killing other ways of customizing Reddit, such as Reddit Enhancement Suite or the use of the old.reddit.com desktop interface .

This isn't only a problem on the user level: many subreddit moderators depend on tools only available outside the official app to keep their communities on-topic and spam-free.

# What's the plan?

On June 12th, [many subreddits](https://old.reddit.com/r/ModCoord/comments/1401qw5/incomplete_and_growing_list_of_participating/) will be going dark to protest this policy. Some will return after 48 hours: others will go away *permanently* unless the issue is adequately addressed, since many moderators aren't able to put in the work they do with the poor tools available through the official app. This isn't something any of us do lightly: we do what we do because *we love Reddit*, and we truly believe this change will make it impossible to keep doing what we love.

The two-day blackout isn't the *goal*, and it isn't the end. Should things reach the 14th with no sign of Reddit choosing to fix what they've broken, we'll use the community and buzz we've built between then and now as a tool for further action.

What can *you* do?

1. **Complain.** Message the mods of r/reddit.com, who are the admins of the site: message [/u/reddit](https://www.reddit.com/u/reddit/): submit a [support request](https://support.reddithelp.com/hc/en-us/requests/new): comment in relevant threads on [r/reddit](https://www.reddit.com/r/reddit/), such as [this one](https://www.reddit.com/r/reddit/comments/12qwagm/an_update_regarding_reddits_api/), leave a negative review on their official iOS or Android app- and sign your username in support to this post.
2. **Spread the word.** Rabble-rouse on related subreddits. Meme it up, make it spicy. Bitch about it to your cat. Suggest anyone you know who moderates a subreddit join us at our sister sub at [r/ModCoord](https://www.reddit.com/r/ModCoord/) \- but please don't pester mods you *don't* know by simply spamming their modmail.
3. **Boycott** ***and*** **spread the word...to Reddit's competition!** Stay off Reddit entirely on June 12th through the 13th- instead, take to your favorite *non*\-Reddit platform of choice and make some noise in support!
4. **Don't be a jerk.** As upsetting this may be, threats, profanity and vandalism will be worse than useless in getting people on our side. Please make every effort to be as restrained, polite, reasonable and law-abiding as possible. **This includes not harassing moderators of subreddits who have chosen not to take part**: no one likes a missionary, a used-car salesman, or a flame warrior.",2023-06-07 15:12:18
12xx9qo,Anyone ever left a chill job for higher pay and regretted it?,"I have a PhD in computer engineering and work a chill job in telecommunications. My job is basically to validate 5g connectivity and ensure customers have service. There's no coding at all as it's mainly a gui where we set parameters and what not. I get 150k with good benefits, and there's extremely good job security. My company hasn't laid off anyone, and I love this job because it's remote. I don't do much work at all, and when sites are down, I've automated the scripts needed to reset parameters for recovering them.  Consequently, I'm getting paid to watch Netflix and sleep all day. I literally haven't done any work since February other than join our weekly team meeting. 

 I get a lot of LinkedIn recruiters sharing 200k+ job interview offers with me in regards to my PhD field of study (system security). I haven't entertained them since they're all in office. I'm mainly scared about getting a manager that micromanages and having to actually do work that can't be automated lol üòÖ. I'm conflicted between hearing faang layoffs/shit job security, but also seeing their 300/400k+ salaries, so I feel like I'm leaving money on the table by literally sleeping through what should be my hustle years. With my current company, I'll hit 180k in 2 years, 220k in another 3, and staff engineer in another 4 topping at 300k.  Any thoughts would help!


Edit:

 Thanks everyone for their comments! Did not expect this much feedback üòÖ. I've decided to stay and keep coasting while leetcoding to keep skills sharp. Just wanted to clarify that I won't over employ due to potential risks, and I'm not smart enough to come up and execute a business. I also wanted to add that another reason for wanting higher TC was to be able to buy a house given current interest rates (detailed numbers in the comments). The 300k is only after 9* years when you basically get auto promoted to staff assuming your manager is happy with your performance. 

A lot of people asked how I got this job/how they can get this job. You likely need a MS or PhD in EE/CE/CS or have a couple of YOE with a BS. These types of jobs specifically look to see if you have experience with RF and know 3gpp standards. Apply to companies like Verizon, at&t, dish, mavenir, etc. I mainly got this job because my manager wanted a PhD signing important papers and knew I'd have the skills to quickly learn and get up to speed with managing active sites.",2023-04-24 21:31:45
154zaox,Wow my team at Adobe put up a job offer for a SWE position and they received 850 applications in the first day.,"Edit: I meant job posting, not job offer sorry for the typo

My supervisor was telling us in stand up today and he said that he spent some time just looking at the first \~100 applicants or so and said that most are people laid off from FAANG, or people at unicorns, and they all have several years of experience. They already shut the post down because they were overwhelmed sorting through all the applicants.

This is for a mid-level position, I am not sure of the TC, it is fully remote.

This is crazy.

I even asked my manager if I could apply to it internally (I'm in DevOps / SRE and desperately trying to get out since my SWE skills are stagnating) but he said I didn't have enough experience which is fair since I am a new grad.

&#x200B;

Have you guys seen the same at your companies? I guess I was mostly surprised at the quality of applicants.. usually I hear that maybe 5% would be good but it looks like the majority are actually really good.",2023-07-20 18:38:14
12cwjep,I quit my job and am scared lol,"In a company wide meeting, my boss yelled and swore at me over something minor. I had just  pushed a feature that was performing successfully and passed QA without a problem. He disagreed with a minor design decision that could be adjusted very quickly and without a problem, and yelled ""I'm fucking sick of these bad decisions"" and ""you'll be an SDE 1 forever!"". For context, I haven't actually messed up so far in the company, but he's a really volatile boss. 

I confronted him after the meeting, settled the design problem first and then told him I didn't think that was appropriate and warranted. He told me to ""grow a pair"". I have self respect so that was it for me.

My damn self respect has me unemployed though. How's the job market looking for a software engineer who has American citizenship and only about a year of experience?

EDIT:
I stayed for about a week after the event and tried to coast while applying for jobs/talked to people around the company. Problem was that the event had a lot of people shook and talks about company culture were being brought up all the time. Although that was good, the boss started taking it out on me and I couldn't stomach it, so I collected my March paycheck and sent in my resignation. The Senior engineers and manager I talked to all supported my decision and offered references for my job search which was nice. They all appreciated my work at the company as well. I *should* have stayed and coasted, but my mental health was worn out.

EDIT 2: 
For those asking for name and shame, I'd love to but I'm actually scared. In the unlikely chance he finds out, he'll probably make it a problem since he's actually very successful in the software industry. I'll name and shame as soon as I find a job. If you want dirty details, pm me lol",2023-04-05 20:17:55
15dumef,I was laid-off/fired - UPDATE - junior who broke dev.,"I will not be able to login Monday morning and my director, she sent me an email calling me in for a meeting on Friday.

She told me it looks really bad on her if a junior is able to break production. I told her that my senior, call him John, approved my PR, which is why I pushed. She said that I can't always rely on seniors because they are busy and I should have waited before pushing.

I asked her if she would write me a reference letter and she has not responded. And for those asking if this is the first time I have f\*\*\*\* up and the answer is yes. I d been performing consistently well and none of my managers in the past had an issue with me. 

Funny thing is, not too long ago, I signed a new lease for a year. ",2023-07-30 19:52:29
145b8du,This sub is horrible for your mental health (serious),"This is a very stressful time in recent memory for developers. The threat of layoffs looms everywhere and people are competing for a handful jobs. The last thing any of us need is to open Reddit and see post after post about how someone can't find a job, is doing bad at work, is being abused at work, or sounds like they are just suffering. Like what the actual fuck homies

I suggest any of you that notice it having a negative impact on your mental health just unsubscribe.",2023-06-09 17:23:06
107prke,LPT: Want to be the first to apply to new LinkedIn job listings? Here's how:,"LinkedIn gives you the opportunity to filter jobs posted within the last 24 hours through the dropdown menu, but what if you want listings that have been posted within the last hour or less? You can actually customize that with the url parameters. For example, here is the standard 24-hour filtered url:

    https://www.linkedin.com/jobs/search/?currentJobId=3433084183&distance=25&f_TPR=r86400&geoId=103644278&keywords=frontend%20developer

Well, if you notice in the url, you'll see `&f_TPR=r86400`. Uncoincidentally, there are 86,400 seconds in a day. So, you can alter that value to whatever you want in seconds. For instance, one hour would be `3600`, and so on.

Good luck and happy job hunting!

edit: No, it may not be life-changing, but for those who don't have the longest resume, it's a good tactic to hit up an application immediately after it's posted. I've personally received more responses from applications posted within the last 15 minutes than anything else.",2023-01-09 20:57:15
18e2jto,Anyone else think the corporate obsession with AI is overblown?,"It seems like the business people want to push ‚ÄúAI‚Äù into everything without really asking themselves if it makes sense. Using AI to display which of these 4 options from this drop-down menu the user would most likely choose first is silly.

Now I like using GitHub copilot as much as the next guy, but in order to use it correctly, I need to already know exactly what needs written, then I need to proofread what it writes. Sure it saves me some time typing, and maybe I don‚Äôt have to Google some syntax I am unfamiliar with, but that time is almost negligible.

Anyways, that‚Äôs my rant. What do you guys think?",2023-12-09 01:47:48
13utta4,I GOT AN OFFER!!!,"After getting fired from my first job 6 months in back in 2021 I went into a state of depression and burnout. I could no longer find joy in programming, with time however, I recovered. I am now as motivated as when I first started out. I got back up on my feet after I started building out my passion project which reignited that spark.

I started applying at the worst time possible, when I could have easily gotten an offer during the hiring surge in early 2022 (Clickup was literally hiring HTML/CSS Developers). However, I came to realize that if I had managed to get my first job in 2021 with no relevant experience, I could do it again in 2023 with the hiring freeze and layoffs, even if the odds seems stacked against me.

This offer is a 70% increase in salary from my previous job! I am still in a state of shock to just know that someone would be willing to pay me this much, especially since I have no educational background and was an unemployed loser. They use the latest tech and are also a mid-sized company!

Estimation Time: 2 months and 15 days of jobs searching.I started low and then eventually worked my way up to 100+ applications a day. Around 30 interviews/phone calls. 5 final stages. One offer was about to be on the table until they realized I didn‚Äôt have a degree (this really put a chip on my shoulder).

And not a single damn Leetcode interview through the graces of God.Background: I have no degree, and completely self-taught. I got my first job at 19 only after one term of university and dropped out.

Here‚Äôs how I got back into the market with such a huge gap on my resume. Note: this is just based on my experience and presumptions.

1. Mass apply, it quite literally is a numbers game. If there are thousands of job listings out there, eventually one will say yes. Do be careful of recruiting agencies, I tend to avoid job listings by them since they seem to be a waste of time.
2. Exaggerate, embellish your work/experience but NEVER lie. You‚Äôre here to brag about yourself and how cool you are. The company is also doing the same so it‚Äôs okay to do the same.
3. Polish your resume, this is REALLY important. Make it look structured and not something a kid could easily do.
4. F\*ck cover letters
5. If you‚Äôre new to the industry, don‚Äôt ever apply jobs that uses myworkday job applications, they‚Äôre a WASTE of time.
6. Most offers for juniors will require relocation sadly.
7. NEVER talk sh\*t about your previous employers
8. Ask questions, not just any questions but GOOD questions. Show you‚Äôre interested in the company as well as trying to succeed. You‚Äôll also learn a lot if they‚Äôre a sh\*tty company to begin with.
9. Jobs with 200+ applications? Apply anyways, I‚Äôve gotten responses from them before.
10. Have decent projects that you could talk about and explain your approach to building things
11. Hone in on your ‚Äútell me about yourself‚Äú answer and recite it. Make it interesting and RELEVANT
12. Don‚Äôt forget to smile :D
13. If you‚Äôre religious, pray. Count your blessings and do it with the right intentions. Ask yourself why do you want a dev job? To continue being a resentful pr\*ck? To one day help and lead others? To support your family? To support yourself? Greed?
14. EDIT: Also don't be disheartened if your interview didn't go well. I always use them as practice for my next one!  
I was very indecisive about whether or not I should post this, but decided to because I see so many negative posts on here about people not finding a job so I thought it's the least I could do by sharing some good news.Link: [https://www.reddit.com/r/cscareerquestions/comments/oqowsm/jusgotlaioffdutoundeperformanceafter/](https://www.reddit.com/r/cscareerquestions/comments/oqowsm/jusgotlaioffdutoundeperformanceafter/)",2023-05-29 12:41:07
18am385,Another layoff at Spotify,"https://www.cnbc.com/amp/2023/12/04/spotify-to-lay-off-17percent-of-employees-ceo-daniel-ek-says.html

:(

This is huge. When does this ever end honestly‚Ä¶ There is always a new layoff every time I open Linkedin. It has been 8 months since my layoff and I have a new job now but im still traumatized. Why this feels so normal? Like it is getting normalized‚Ä¶ I don‚Äôt know, its crazy. 

Does anyone know which offices are effected? Sweden, Amsterdam, USA?",2023-12-04 15:04:48
160jxot,Guys. I finally did it!!,"After almost 700 applications and cover letters, 11 scam jobs, and a million tears, I got a single interview at a great company and...a  job offer! My first ever job in the industry as a SWE for a huge company and I cannot believe they're taking a chance on me. And it's fully remote.

I've browsed posts like this over and over, living vicariously through them, and it feels like a dream to be able to make my own

BUT I'm really, really terrified. My team is amazing and so smart and I'm really scared that I'm going to let them down. 

I've read all the other posts asking for advice but I'd love to absorb as much as I possibly can - if anyone has any tips to help me be the best teammate I can, I'd be so grateful. 

Thank you guys in advance!!!

EDIT: I was really not expecting this. I moved a while ago to a place where I don't know anyone, and I've been spending all my time just applying for jobs, practicing for interviews, and outside of that I just hang out with my dog. I told my parents and of course they're happy for me, but I don't have anyone else to celebrate with. the flood of support from everyone here means a lot. Thank you guys so much for the kind words and all the advice. Really.",2023-08-25 00:45:31
13m82vk,I feel for everyone here.,"I've been in the industry for 15+ years now and reading through these posts just makes me incredibly sad.  Even just 2 years ago my email inbox used to be swollen with recruiter emails begging me to move and take a job, now I get 1 a month which is clearly machine generated and based solely on my title listed on LinkedIn.

Out of curiosity I looked through different job sites and there really is not alot out there locally, but at least with remote work its a bit easier to look for a job that isn't co-located, but staying in the same timezone is still desirable.

4 years ago I went on the job hunt which is where I first encountered Hacker Rank and Leet Code tests and I gotta say, fuck the software developers / business people who came up with that.  They took the stress of tech interviewing from an 11 to 25, and simply ate up all my free time with bullshit timed assessments.

I hope everyone struggling out there finds a job soon and hopefully things will recover.  Good luck, keep your chin up and make sure you take at least 1 hour out of your day where you just exist in the moment and don't think about all this shit.",2023-05-19 21:18:59
1134frz,If you are desperate for a job apply to the aerospace industry,"You guys probably know this already but I just wanted post this for those who don‚Äôt.  You guys are very in demand in the aerospace industry right now.  You won‚Äôt get the pay and benefits that you would at a shiny apple or google job, but you may at least get *a* job.  

I am an aerospace engineer and have worked at NASA and other aerospace companies and they always need coders of some kind.  I know the job market is rough for new grads right now so I thought this would be good to post.


Some examples of companies you could apply to: SpaceX, Blue Origin, Northrop Grumman, Lockheed Martin, General Dynamics, NASA, Raytheon, Honeywell, GE Aerospace, many more.  Also look at local aerospace contractors if you get really desperate.

Edit: rough list of companies from least competitive to most competitive 

Raytheon, General Dynamics, GE Aerospace, Honeywell, Lockheed Martin, Northrop Grumman, Boeing, Blue Origin, NASA, SpaceX

Edit 2:  I do want to clarify that these aren‚Äôt all necessarily easy jobs to get.  However they are another option that you probably have a real chance at landing(for some of the companies listed atleast).  Never hurts to apply!",2023-02-15 18:09:17
10g2o74,"""The CS market is collapsing!""","[https://i.redd.it/aax0nee5xvca1.png](https://i.redd.it/aax0nee5xvca1.png)

Microsoft Employee Count:

* 2019: **144k Employees**
* 2020: **163k Employees**
* 2021: **181k Employees**
* 2022: **221k Employees**
* 2022 (Q4): **211k Employees** (Post Layoffs)

Few important factors to consider here:

* No, CS careers aren't going away
* Bloated/unorganized hiring lead to recent layoffs, some factors:
   * cheap money (especially early in pandemic where interest rates were low)
   * companies with artificial / over estimated valuations
   * companies that struggled with profit already, but confused excess capital for growth
   * companies with shitty business practices and/or shitty growth strategies
      * I think the writing was on the wall for a lot of these companies
* Fortune 100 companies don't represent the entirety of the CS labor market, there are ton of medium - large companies in serious need of qualified CS talent.
* Crypto was already doomed.
* Facebook, Amazon, Microsoft, Google, (Insert ""cool"" high paying tech company here), aren't the only companies, rethink what motivates you in your career goals if your only goal until now was to work for a mega tech corp, maybe it's not its cracked up to be?
* This is indeed a challenging time, especially for new grads/juniors who saw the crazy opportunities of the last two years as companies rapidly expanded but now literally can't get a call back, but fear not - there are still plenty of companies hiring, and while nobody here can really speak to which direction the high paying, or general CS career market will trend in the coming year - this field isn't going away and the demand for qualified candidates will grow, the bar will be raised, but there will be more demand as time goes on, so for now persevere and good luck.
* Only people who haven't really had any actual experience think ChatGPT will replace us all

&#x200B;

TLDR: CS Careers aren't going anywhere, chill

&#x200B;

Data stolen from: [https://www.reddit.com/r/dataisbeautiful/comments/10fllwq/oc\_microsoft\_set\_to\_layoff\_10k\_people/](https://www.reddit.com/r/dataisbeautiful/comments/10fllwq/oc_microsoft_set_to_layoff_10k_people/)",2023-01-19 14:11:19
13e5qkt,"You spent all day fucking around, your boss then asks what you spent the day doing. What do you say?","Not that I would ever spend all day fucking around, of course",2023-05-10 22:40:27
13rr78r,Layoffs push down scores on Glassdoor: this is how companies respond,"Apparently, companies that had layoffs are now in damage control on Glassdoor. 


I'm not affiliated with the pragmatic engineer newsletter, but it's worth a read:

https://newsletter.pragmaticengineer.com/p/the-scoop-49

>I got a message from a software engineer working at a company which laid off 30% of staff in December 2022. It‚Äôs a late-stage startup valued at around $3B which had around 1,000 employees before the layoffs. The engineer wrote:

>‚ÄúMy company is removing Glassdoor reviews because their rating has gotten so low. The company‚Äôs score went to 2.3 and they started doing this. I don‚Äôt think my company is alone in this practice to protect themselves from bad press, but lots of my colleagues have had their reviews deleted. Effectively, we‚Äôve been silenced.‚Äù",2023-05-25 19:42:09
10jc15a,"The mass layoffs at M, T, A, M, etc. are just a reminder that ‚Äúdream‚Äù companies aren‚Äôt tech giants or FTSE 500.","A dream company is one company that:

1. Rewards growth and good behaviour with pay and promotions.
2. Provides you real flexibility.
3. Hires appropriately so the team doesn‚Äôt have to pick up extra work.
4. Trusts people to work their best.

For long-term prosperity and happiness, work somewhere that values you and invests in you.",2023-01-23 13:05:15
11xng9v,Very Valuable Advice I found on Blind to Cope Up the Layoffs,"""As an engineer who has been through this way too many times, I'll try to give a real answer:

1. Do your job to the best of your ability because its what you are a professional. To be in upper management you have to know how to play politics, to be an engineer you have to actually understand your trade. Do your best so you can look yourself in the mirror and know your worth isn't what a bean counter says it is. Its about self-respect. and if you end up laid off or even PIPed, you can hold your head high. That confidence will move you to the front of the line for the interviews to come.

2. Keep records of what you do. Once a month update your resume. Stand back and look at what you did in a way that will stand out when interviewing. Don't wait until after you are locked out - write it down now while you can review your own work.

3. Listen to your teammates - are they allies or adversaries? Are their review comments helpful or building a case against you in the next ranking. Not everyone is your friend and not everyone is your enemy. Always treat both with respect, but don't be na√Øve. Quickly discovering who is on your side is the number one thing you can do to protect yourself when politics are played.

4. Talk to your manager, regularly. Never assume they know what you are doing even if they are in stand up. Get yourself on their calendar at least every other week. Make your work visible to them, document it every week. If they like you, it will be used to defend you. If they hate you, they will let you know where you stand earlier.

5. Be visible to your skip level and to other team leads This protects you if your manager isn't liked. I've seen way too many great engineers suffer because of a manager that wasn't liked by their boss.

6. Pay attention in all hands - not the pre-prepared, highly sanitized slides but listen careful for how they respond to questions. Management are employees too - they have been told what they cannot share but they will slip up. Micro-mistakes usually. Chat with a least one co-worker about what you heard, they will hear something different.

7. Watch how your company (all companies actually) treats its employees in bad times - take note of the companies that violate their principles when things get hard. Watch which ones do rolling layoffs, forced URA, prefer hiring over promoting. Do they offer remote and then demand RTO? Take note of this - its indicates a company that doesn't respect you.

8. Watch what the CEO does - does he play follow the leader? Is he afraid of making announcements? Does he hold all-hands and then announce a controversial policy the next day? Take note of this - these are weak leaders and forecasts more of the same in the future.

9. Remember, if you are laid off - its never your fault. I know this seems like an obvious thing, but your mind goes there and will stay there. Layoffs are always mistakes made by upper management - they over hired, they tried to market something that wasn't selling, or they just want their stock options to go up. If you do #1, then don't blame yourself - you did your job. If you did 2-5 you did everything you could to protect yourself. If you did 6-8 you knew it was coming.

10. Finally, and most importantly, make sure you spend time every day becoming better - do a LC problem, update your resume, spend 30 minutes learning something that will get your next job. Take the power back into your hands.

If this sounds like a ""get over it"" post - it isn't. I just spent 30 minutes typing it out because of Gobble's weak leadership. I'm in the same boat, but I decided to think about the 10 things I could do. #11 is GTFO when I find something that makes me not worry as much. Respect matters more than a big paycheck. Most of big tech has now told us who they are, never forget.""

Source: https://www.teamblind.com/post/How-the-f-do-you-work-S8VqobOs",2023-03-21 17:14:38
15icf9y,Made fun of during a live coding round for using JavaScript,"Is this not a good language to use? I am more familiar with it and have been applying to SWE roles for a while (I am in devops / sre at the moment and desperately trying to get out).. I feel like I just blew my chances of getting an offer because of this.. I am still shaking a bit, I feel genuinely awful.

I got past the online assessment, which was 2 leet code easy / mediums.. I also used JavaScript there with no issues at all.

Then I eventually moved on to the live coding round where I was asked a Leet Code medium (it was similar to the question ""number of islands"").

I told him I would prefer to use JavaScript since I am most comfortable with it, and he literally laughed out loud.

I smiled as well because I didn't know how to react, so then I think he thought I was joking and asked me again which language I would prefer to use.

So I told him once again, I am most comfortable with JavaScript and then he got super serious and said that JavaScript is not the language to use for coding problems, he said that I clearly didn't prepare enough or else I would be using a real language.

I honestly didn't know how to react, I am a pretty shy / nervous person in general and I started feeling super embarrassed, I could feel my face blushing.

I asked if I could do it in pseudocode then, but he told me no.

He asked if I have ever used other programming languages, and I told him that I have used Java, C++ and Python as part of my CS degree but I don't remember them too much.

He kind of scoffed at me and told me to use any of the 3 languages I had just mentioned

So I tried my best to do it in Java, since it's pretty similar to JavaScript in syntax.. but at this point I was so embarrassed and nervous... my syntax was totally off and I could barely even focus on the question or what the solution was.

So I tried my best, and as I was typing it out he basically just kept shaking his head and muttering ""no no no"" under his breath.

Needless to say I was unable to finish the question and when he realized that, he just told me to stop and moved on to the next part (behavioural questions), which I did terribly on too because I was feeling so bad and nervous.

Before the it ended, he told me next time to prepare better and to actually use a real programming language. I kind of just nodded and said ok thanks.

I have been feeling awful ever since, and to be quite honest with you, I even cried. I just felt very bad and feel like I will not be able to switch to being a SWE any time soon.

&#x200B;

edit: thank you so much everyone, I am going through your replies and feeling a lot better. I guess I just was unlucky with a bad interviewer. I'm glad this isn't a common sentiment in the industry",2023-08-04 21:26:20
14y15z9,"Replying to unsolicited recruiters with ""No fully remote? not interested""","Have been fully remote since Covid started and have shifted companies to one that is completely remote. I had always intended to move away from city and commute only a few days a week but having been so spoilt the last few years I've realized fully remote is the way forward for at least the next decade while my kids are young enough to really enjoy.  
  
I had a bit of an epiphany after getting some of the usual unsolicited emails from recruiters that I could, in a small way, help ensure the status quo can be maintained and push back against the companies that want to enforce attendance in the office.  
  
Now every time I get an email from a recruiter I've no interest in, I ask about it being fully remote and if it's not, I use that as the reasoning for not wanting to proceed any further. It's a small thing but if more folks did it, it could help feed metrics into recruitment folks that roles are not getting filled because of the inability to offer remote roles.",2023-07-12 21:24:46
12lcbqb,CTO making it mandatory for managers to give 1-2 members a low performance rating.,"New CTO stepped in mid 2022. He made it mandatory that there will have to be some members with low reviews, meaning if there a team of 7 and everyone is a super star with their tasks and work ethic, there still has to be one person that will be given a low review and will be laid off. We already went through one round and lost 5% of developers and we are anticipating the next one to be the same thing.

This is unfair. I like my job and salary but I think i'm going to have to start job hunting.",2023-04-14 00:05:03
15ft4fx,How I used LinkedIn to land a great job,"I see many people on this sub love to hate on LinkedIn, and to be honest, I get it. The endless optimism and success stories that seem to scream fakeness can be hard to swallow, especially when you‚Äôre on a job hunt that feels like it‚Äôs going nowhere. That being said, I 100% credit LinkedIn for helping me land where I am today. Here‚Äôs the method I used. I hope it helps!

Full disclosure: I am a military veteran, and that played into me being a fit for this position. Also, I feel extremely fortunate that I slid into this position in August of last year, which seems to be right before the entire industry cracked down hard. So I realize that my situation is not an exact match for most job seekers in this field today. However, I think the method I used to find the job is applicable regardless.

As a career-changer and fresh graduate of a coding bootcamp with ZERO coding experience prior to the boot camp (I was a sixth grade Latin teacher before changing over), I did everything I could to get a job. As weeks and months passed, I was starting to feel hopeless as the hundreds of applications I put out yielded no results. I tried LinkedIn‚Äôs Easy Apply. I tried customizing my resumes. I tried cover letters. I was listening to job hunting podcasts, trying to glean tips. I was networking like crazy, including following SWE influencers, and reading every scrap of their advice. Worked on side projects. Was cramming as much Leetcode as I could into my day. But no results, ever. 95% of companies never even acknowledged my application. And it seems like this is where so many people in this sub are stuck. Just‚Ä¶ Crickets.

One day out of desperation I changed tracks and it changed my job search completely. I realized I was networking with the wrong people. So much of my network was fellow bootcamp grads, job seekers, and SWEs. But most of the time, SWEs aren‚Äôt the ones doing the hiring. So my feed was totally filled with people posting about work or looking for work.

I started my new strategy by making a list of 20 companies I thought I might like to work at, based on name, reputation, product, or just valuation. I followed those companies, so I would see all the posts where someone tagged that company. Then I went to their company page on LinkedIn and scrolled their People tab, looking for anyone with a job title like Recruiter/Talent/Hiring Manager, etc. Anyone I saw that looked like they hired for SWE positions, I followed them too. I stopped following people with the ‚ÄúLooking for work‚Äù green banner (Yeah this is rude, but it worked for me).

So then my feed was filled with recruiters and companies posting about open positions, rather than people making sad posts looking for work. Doing this I also discovered a happy side effect: recruiters are connected to other recruiters, so when they Liked another recruiter‚Äôs post, I‚Äôd see that too (and follow them). When I saw somebody post a job that I might be a fit for, I messaged the recruiter directly and referenced the post they‚Äôd made. Within a couple weeks of this, I had interviews at Lyft, Google (This interview was AWFUL, but good for the experience? Lol), and Oracle, without actually applying to those companies. Eventually, I accepted a position at Oracle and have been working there for about a year now.

I hope this method can help someone else, because cold applying for thousands of positions really sucks. I‚Äôve been there. Without LinkedIn, I wouldn‚Äôt be where I am now.",2023-08-02 00:01:26
168yqf3,I have no idea how workday hasn‚Äôt crashed and burned as a company,"Whenever I open a job link and see the .workday address, before it even fully loads I hit return. Garbage site.",2023-09-03 14:40:42
1805660,Job market turning around (with proof),"I see a lot of doom and gloom about the job market being badd right now. But I have proof that it‚Äôs actually getting better. Sam Altman, who was just publicly fired from OpenAI, has already got a job offer at none other than Microsoft. So chin up guys it‚Äôs all good. 

All jokes aside: if you‚Äôre struggling right now, please don‚Äôt give up. I know you can do it. If you can land a job in this market, think about how sweet it will feel when the market turns upwards again and you don‚Äôt have to stress about finding the next one :) best of luck to y‚Äôall",2023-11-21 01:34:28
10q61ix,Blind leading the blind,"I regularly browse this subreddit, as well as a few other sources of info (slack channels, youtube, forums, etc), and have noticed a disturbing trend among most of them. 

You have people who have never worked in the industry giving resume advice. People who have never had a SWE job giving SWE career advice, and generally people who have no idea what they're taking about giving pointers to newbies who may not know that they are also newbies, and are at best spitballing.

Add to this the unlikely but lucky ones (I just did this bootcamp/ course and got hired at Google! You can do it too!) And you get a very distorted community of people that think that they'll all be working 200k+ FAANG jobs remotely in a LCOL area, but are largely moving in the wrong direction to actually getting there.

As a whole, this community and others online need to tamp down their exaggerated expectations, and check who they are taking advice from. Don't take career advice from that random youtuber who did a bootcamp, somehow nailed the leetcode interview and stumbled into a FAANG job. Don't take resume advice from the guy who just finished chapter 2 of his intro to Python book. 

Be more critical of who you take your information from.",2023-01-31 18:10:29
121ni44,I e noticed in my career that the people who actually get the work done are the last ones to get promoted.,"Its like the person getting the job done, delivering timely and reliable releases is lent the person who benefits in salary or level.  There always seems to be someone ready to slide into the seat of the success and drive it away.

Thoughts on this ?   How do you ensure that your the one to capitalize on the hard work ?

Thanks",2023-03-25 14:30:27
17g4wpz,Professor said that doing CS to become a web developer is using a cannon to kill a fly.,"Professor said that doing CS to become a web developer is using a cannon to kill a fly. Do you agree with that? And if so, what kind of career a computer scientist could have that actually needs a computer scientist degree / knowledge? ",2023-10-25 13:32:47
11h29cr,Let‚Äôs make up some fake buzzwords for things that have been happening for decades.,"You‚Äôve heard it: ‚ÄúBare Minimum Mondays‚Äù and ‚ÄúQuiet Quitting‚Äù. Stuff that people have been doing for decades but suddenly have a name and are getting presented as new. 

I‚Äôve got a couple I‚Äôve been workshopping:

‚Ä¢ Watercooler Workdays - When you spend the majority of the day just talking to coworkers and not doing anything. 

‚Ä¢ Meeting Mudslide - When your entire day is just a complete wash because it‚Äôs booked meeting to meeting. 

‚Ä¢ Lazy Lunches - When you don‚Äôt eat during lunch and instead relax. 

‚Ä¢ Bathroom Breakdowns - When you are so angry and you need to relax, but the only way to avoid people seeing you is hiding in the bathroom. 

‚Ä¢ Manager Hide and Seek - When you need to find you manager but they are so busy you spend hours trying to find a time slot to talk to them. 

‚Ä¢ didn‚Äôt look code reviews - when the Developers in your code review sign off on the pull request 1 minute after you posted it. 

‚Ä¢ Time Waster Code Reviews - When you make a one line code change like changing a spelling error in a label, but management says you need a code review still.",2023-03-03 14:33:58
14o4zj8,I‚Äôm astounded by the talent out there that cannot find jobs,"I‚Äôm seeing countless posts of people saying they‚Äôve applied to hundreds of jobs with no luck. 

And then they link their personal portfolios. And holy moly. 

I‚Äôm seeing people who have built a beautiful Amazon type site in React. 

I‚Äôm seeing people who have designed an amazing mobile app game. 

I‚Äôm seeing professional looking finance and budget tracking apps. 

These projects blow my mind. 

And here‚Äôs the kicker. Most of the engineers at my company can‚Äôt build anything remotely close to that level of quality. 

Which makes me think - we have a lot of unskilled engineers that are employed, and yet skilled engineers that can build a full stack beautiful application can‚Äôt get a job. 

How did we come to this?",2023-07-01 20:35:41
12quqjk,"Rant: The frustration of being hired as a remote employee, only for the company to start enforcing return-to-office","This is just me griping, but I was hired as a remote employee by a company that I really like, but happens to be owned by a megacompany whose name starts with A and ends with Mazon, which recently announced that all employees in all orgs must work in the office 3+ days a week. This includes my company, even though they have always been a hybrid workplace even pre-pandemic. 

So now I'm facing down driving an hour each way to get to an office where none of my coworkers actually work, AND they've announced that they no longer will subsidize parking. Previously managers were allowed to grant remote work exceptions, but when the parent company announced RTO, they elevated that requirement from manager to senior VP level. My org does not have a senior VP. This has totally killed my joy for what started as the best job I've ever had. 

To others who have been in this situation, how did you cope? I'm working on brushing up my resume but I'm not optimistic given the current tech climate and the tens of thousands of laid off engineers also looking for jobs. Part of me wants to just not comply, but I'm trying to get savings together for a big life event and if I end up fired with 6 months between jobs, while I'll 100% be okay, it'd set back my timeline by such a long time.

Anyway, thanks for listening to me rant! Altogether I really can't complain compared to other people's jobs or previous jobs I've had, but it just feels like such a rug pull, like I accepted the job offer under false conditions.",2023-04-18 16:27:19
12hnvcr,"I've had 2 jobs post college, and both times i've been PIP'd. I'm clearly not cut out to be a SWE. What do I do now?","I've had 2 jobs at big tech companies post college. One at the rainforest company, another at another fortune 500 company. 


I just got my 2nd PIP notice. I'm heartbroken. I went through 4 years of grueling school for a CS degree only to find out i'm not cut out for the field. I should have known when I didn't get a return offer for my internship in college that I wasn't cut out. 


Both times my PIP feedback has been the same. I'm just not fast enough. What takes another engineer 3 days takes me 2 weeks. I get all my work done eventually. It just takes me longer than others. My current manager told me 2 months ago that my pace wasn't fast enough. So I started to put in more hours. Instead of 40 hours I put in 50 every week. I have still been pipped. 


Anyone have any advice or tips for me? I genuinely do like programming and software development. I just don't know what to do at this point. I'm pretty good at leetcode and can pass interviews well enough to land another job relatively quickly but then what? Just get pipped again? And eventually all the short stints will have a negative impact on my resume. 


Anyone have an idea of how I can pivot from here? I have family who counts on me to support them and i'm about to be jobless once again and have to face them with the reality that i'm a disappointment.",2023-04-10 16:27:24
113u7uv,"DocuSign to lay off 10% of its workforce, or about 700 employees","E-signature software company DocuSign on Thursday announced plans to cut around 10% of its workforce.

DocuSign had 7,461 employees in January 2022 before it announced an earlier round of layoffs last September that impacted 9% of its workforce. The company said the latest cuts will impact about 700 employees.

Source: https://www.cnbc.com/2023/02/16/docusign-layoffs-company-to-cut-10percent-of-workforce.html",2023-02-16 16:12:06
10s5s5o,Manager isn't happy that my rule-based system is outperforming a machine learning-based system and I don't know how else I can convince him.,"I graduated with a MSCS doing research in ML (specifically NLP) and it's been about 8 months since I joined the startup that I'm at. The startup works with e-commerce data and providing AI solutions to e-commerce vendors.

One of the tasks that I was assigned was to design a system that receives a product name as input and outputs the product's category - a very typical e-commerce solution scenario. My manager insisted that I use ""start-of-the-art"" approaches in NLP to do this. I tried this and that approach and got reasonable results, but I also found that using a simple string matching approach using regular expressions and different logical branches for different scenarios not only achieves better performance but is much more robust.

It's been about a month since I've been pitching this to my manager and he won't budge. He was in disbelief that what I did was correct and keeps insisting that we ""double check""... I've shown him charts where ML-based approaches don't generalize, edge cases where string matching outperforms ML (which is very often), showed that the cost of hosting a ML-based approach would be much more expensive, etc. but nothing.

I don't know what else to do at this point. There's pressure from above to deploy this project but I feel like my manager's indecisiveness is the biggest bottleneck. I keep asking him what exactly it is that's holding him back but he just keeps saying ""well it's just such a simple approach that I'm doubtful it'll be better than SOTA NLP approaches."" I'm _this_ close to telling him that in the real world ML is often not needed but I feel like that'd offend him. What else should I do in this situation? I'm feeling genuinely lost.

**Edit**
I'm just adding this edit here because I see the same reply being posted over and over: some form of ""but is string matching generalizable/scalable?"" And my conclusion (for now) is YES.

I'm using a dictionary-based approach with rules that I reviewed with some of my colleagues. I have various datasets of product name-category pairs from multiple vendors. One thing that the language models have in common? They all seem to generalize poorly across product names that follow different distributions. Why does this matter? Well we can never be 100% sure that the data our clients input will follow the distribution of our training data.

On the other hand the rule-based approach doesn't care what the distribution is. As long as some piece of text matches the regex and the rule, you're good to go.

In addition this model is handling the first part of a larger pipeline: the results for this module are used for subsequent pieces. That means that precision is extremely important, which also means string matching will usually outperform neural networks that show high false positive rates.",2023-02-03 00:24:07
185o8ec,I‚Äôm tired,"Now I get why people don‚Äôt job hop. This shit is just ridiculous. I‚Äôm legit on the verge of giving up. Imagine coming home after a tiring 8 hour day of work, your brain is mush, but you still have to do shitty leetcode and system design prep. I got lucky the first time around for new grad to get my current position at big tech, but I just don‚Äôt have the energy to do this hellish shit anymore. 

And my god has anyone opened a book like EPI (Elements of Programming Interviews)? I mean, has anyone actually read this thing cover to cover? Holy fking shit. It‚Äôs dense af, thicc af, every page takes me 5 minutes to code the solutions, play around with test cases, really understand well, etc. By my estimates I should be done with the book by 2095! And idek if it‚Äôs enough to pass interviews. 

At this point I‚Äôm thinking of just sitting pretty at my current job and become a lifer. Looks like this interview prep stuff requires that you sacrifice every other aspect of your life and mental health. Forget having friends, forget having a relationship (definitely forget this if you‚Äôre an engineer in the first place), forget having any sort of hobbies. Your life becomes data structures and algorithms. Theres always some new shit to learn. 

Which is awesome and all, I mean it‚Äôs wayyy better than doing some monotonous job but if the sacrifice is this much, then I‚Äôm out. Peace ‚úåÔ∏è",2023-11-28 05:08:11
16iiw4e,Would you work as a software engineer in a porn site like Brazzers?,This is an ethical question.,2023-09-14 13:44:14
13qut9z,My remote job has a camera off culture. I've never seen most of my coworkers after 2 years there. Is this normal?,"I started in my first dev job, which is totally remote, close to 2 years ago, in the fall of 2021. From the very beginning, the culture has been cameras always off. No one ever turns their camera on ever. My team got a new manager who turned his on at first but then stopped after the first few standups. It feels weird that I've never seen most of my coworkers, and when I describe that aspect of my job to most people, they tell me that's very strange.

I'm not necessarily upset about this situation, more just trying to get a reality check as to how common this is at medium/large size companies (5000+).",2023-05-24 19:16:30
13dr4ug,"I did it! Bootcamp grad, landed my first SWE role!","Background: I have bachelor's degree in a non-engineering STEM field and started a PhD but dropped after a year. I was drawn to the fast-paced nature of software development and decided to take the leap and make this career change in August 2022. I spent a few months self-studying, completed a coding bootcamp (graduated in January 2023), and after 3 months, 500+ applications, and 10 interviews, I received an absolute dream offer for a remote front end role with an amazing team at an awesome company. 

I'm happy to answer any questions about my story/job search tactics and I hope that this can serve as inspiration for anyone currently on the job search in this brutal market. The process can be long and downright demoralizing at times but hang in there, if you're studying and prepping for interviews, it's only a matter of time before you land that dream job.

Edit: Jesus, thanks for all the congrats! Didn't expect so much attention on this post. I'll try to keep answering questions, hope I can help!",2023-05-10 13:45:15
102ptau,What a start to new year.,"Back to work, bright and early, day 1. Only to be laid off.",2023-01-04 01:20:19
10zoi0q,"Github lays off 10%, and plans to go fully remote to save costs. Why don't more companies do the latter (go fully remote to save costs)?","I'm sure all of costs around being in the office (buildings, etc) have to be pretty extraordinary.. why don't more companies do this also.

Anyways here's the article

[https://techcrunch.com/2023/02/09/github-lays-off-10-and-goes-fully-remote/](https://techcrunch.com/2023/02/09/github-lays-off-10-and-goes-fully-remote/)

>The tech layoffs keep on coming. Microsoft-owned GitHub today announced that it is laying off 10% of its staff through the end of the company‚Äôs fiscal year. Before this announcement, which was [first reported by Fortune](https://fortune.com/2023/02/09/github-is-laying-off-10-of-staff-and-cutting-down-office-space/), GitHub had about 3,000 employees. The company will also shutter all of its offices as their leases end, in part because of their low utilization, and move to a remote-first culture.  
>  
>GitHub will also continue its hiring freeze, which it first announced in January, and also make a number of other internal changes to ‚Äúprotect the short-term health‚Äù of its business.",2023-02-11 14:10:19
16wtgb9,"FYI: the guy who ""Name and Shamed"" his employer on this subreddit lost the defamation lawsuit against him","A little while ago there was a series of posts that blew up on this sub from a guy who worked for Loanstreet and decided to ""Name and Shame"" them on this subreddit, claiming that they ""cheated him out of equity"". The OP later updated that Loanstreet was suing him in federal court for defamation, and appeared quite confident he would win. 

I had a bad feeling about this case, and I decided to follow the updates on Pacer. A couple weeks ago, the judge released her opinion, finding that the defendant did indeed defame and disparage his former employer, and that his accusations against them were not true. She also dismissed all of his counterclaims against Loanstreet.

I guess this is a good lesson to 1. Watch what you say online, and take a deep breath before deciding to ""Name and Shame"" an employer you feel has wronged you. 2. Be skeptical of what you read on reddit, disgruntled employees are not always reliable narrators. 



Some highlights from the opinion:


>[Defendant]‚Äôs allegations that Lampl ‚Äújust pocketed
the options he promised me‚Äù and ‚Äúis a rich con man,‚Äù or that
LoanStreet ‚Äúwithheld $100k in options that they promised [[Defendant]]
before [he] was hired,‚Äù ‚Äúis a fraudulent, exploitative mess,‚Äù
‚Äúcheat[s] people just to make [their] big piles of cash a little
bigger,‚Äù ‚Äúcheated [[Defendant]] out of equity,‚Äù and ‚Äúdefrauded [[Defendant]]
out of over $100k‚Äù are simply untrue... More than that, his accusations have specific, obvious
‚Äì- and in some cases legal -- meaning and are plainly refuted by
the black-and-white terms of the Offer Letter and Option Agreement. 
Because his statements necessarily ‚Äúproduce a different effect on
the reader than would a report containing the precise truth,‚Äù
...they must be considered false


-

>Here, all of [Defendant]‚Äôs statements were meant to expose
LoanStreet and Lampl to public opprobrium and shame. Indeed, the
stated goal in the headline of his Reddit posts was to ‚ÄúName and
Shame‚Äù LoanStreet.

-

>However, we doubt that [Defendant]‚Äôs statements constitute ‚Äúa
matter of public interest.‚Äù The Court is mindful of ¬ß 76-a‚Äôs text
stating that the term ‚Äúpublic interest‚Äù ‚Äúshall be construed
broadly, and shall mean any subject other than a purely private matter.‚Äù Here, though, [Defendant]‚Äôs
statements involved ‚Äúan internal complaint about the behavior of
a fellow employee,‚Äù...and [Defendant]‚Äôs former employer, which [Defendant] admits in his
posts is a ‚Äúsmall company‚Äù of ‚Äú[less than] 30 people.‚Äù .. Whether and when a single employee was entitled to
certain vested stock options under the terms of his unique
contracts at a company of less than 30 employees is likely not a
matter of public interest. Indeed, to the extent that [Defendant]
believed he was ‚Äúcheated‚Äù and ‚Äúdefrauded‚Äù by LoanStreet and Lampl,
he could have pursued that theory in a court of law. 

-

>The Court is concerned that it would be
inappropriate ‚Äì- and inconsistent with legislative intent -- to
reward [Defendant] for his behavior by finding that his calculated (and
false) attacks on LoanStreet and Lampl can transform a purely
private gripe into a matter of public concern. As such, we are
skeptical that New York‚Äôs anti-SLAPP law applies here


-

>Although [Defendant] denies having made his statements with actual
malice...we infer [Defendant]‚Äôs
reckless disregard for the truth from his obvious ill will towards
LoanStreet and Lampl together with the indisputable facts which
contradict his statements... First,
[Defendant]‚Äôs ill will is evident from his calculated decision to wait
the full ‚Äúrequisite year‚Äù for his ‚Äúnon-disparagement clause to
expire,‚Äù ...before embarking on a
multifaceted smear campaign to attack plaintiffs using charged --
and in some cases abusive -- language. If that were not
sufficient, [Defendant] amplified his posts in the hopes that LoanStreet
would face maximum ridicule, even paying for advertisements
bearing titles such as ‚ÄúLoanStreet horror story ‚Äì LoanStreet
careers,‚Äù and ‚ÄúLoanStreet horror story ‚Äì ‚Äòa terrible place to
work.‚Äô‚Äù The Court thus has no doubt that [Defendant]
was motivated by personal animus towards plaintiffs such that ‚Äúmalice was the one and only cause for the publication‚Äù of his
statements. 


-


 >‚Äúwhen read in the full context of the
posts, as defendant urges the Court to do, it is clear that even
the most vitriolic of the bunch ‚Äî remarks such as, ‚Äò[Lampl] is a
rich con man‚Äô and ‚Äò[LoanStreet] is a fraudulent, exploitative mess‚Äô
‚Äî relate to the specific accusation that LoanStreet and Lampl
defrauded defendant by unlawfully withholding $100,000 in stock
options.‚Äù


-


 >Even assuming that [Defendant] was discharging a moral duty in
making his statements or maintained a common interest with the
viewers of his posts -- both highly dubious assumptions-- his
defenses would fail, as these two qualified privileges are defeated
if the statements at issue were ‚Äúpublished excessively, i.e., [they
were] made to persons with an insufficient interest in it for it
to warrant protection.‚Äù  Here, [Defendant] posted his statements
on prominent, public social media and workplace review websites to
an audience that had no obvious interest in LoanStreet and then
amplified them further using paid Google advertisements. One might, for example, question the conviction with which [Defendant] felt a ‚Äúmoral duty‚Äù when he waited the requisite year for his non-disparagement agreement to
expire before launching his online campaign...[Defendant] cannot simultaneously maximize the audience
for his statements then hide behind qualified privileges which
explicitly do not apply to such excessive publication.",2023-10-01 06:14:27
12r11oh,Hot take: Remote work is huge pain when you‚Äôre starting out and need to ask teammates stuff to get things resolved quickly,"We‚Äôre in-person 3 days a week and the difference in the level of productivity between remote days and in-person days in night and day. 

If I need to ask someone something, in-person I can just walk up to their desk and get the situation resolved. Remote, I drop a message, wait for hours for them to respond, remind them, have them respond with ‚ÄúI‚Äôll get back soon‚Äù, and then finally get the situation resolved the following day when I‚Äôm in-person.

Maybe experienced folks who already know their stuff might benefit from remote work, but as a new grad I absolutely hate it and am glad my company is pushing for 4 days a week. 

What do you guys think? Do you also have the same experience?",2023-04-18 19:22:16
11m3sm9,What are some skills that most new computer science graduates don't have?,"I feel like many new graduates are all trying to do the exact same thing and expecting the same results. Study a similar computer science curriculum with the usual programming languages, compete for the same jobs, and send resumes with the same skills. There are obviously a lot of things that industry wants from candidates but universities don't teach.

What are some skills that most new computer science graduates usually don't have that would be considered impressive especially for a new graduate? It can be either technical or non-technical skills.",2023-03-08 18:21:55
17te3vv,It‚Äôs kind of funny how ‚Äúbreak into tech‚Äù has become ‚Äúbreak back into tech‚Äù,"During the bubble, all you would ever hear was ‚Äúbreak into tech in 12 weeks!‚Äù, ‚Äúget a six figure job with no experience by going to this bootcamp!‚Äù

Now these vultures are targeting laid off folks with ‚Äúupskilling  courses‚Äù, AI bootcamps, and ‚Äúcareer and resume coaching‚Äù. It seems like the only career field that‚Äôs safe in tech is selling courses to desperate people lmao",2023-11-12 06:11:16
13xf2x7,Name and shame: TradingHub,"This has genuinely got to be the worst interview process I have ever been through, bit of a long one but will include a TL:DR at the bottom.

Coming from someone who has been through 30+ interview stages for graduate roles, I have never dealt with the level of disorganization and sheer lack of effort shown by the recruiters at TradingHub. They're a small FinTech company with a great salary offer and location I really wanted to be in, which is why I stuck it out so long, looking back I should've stopped putting up with their shit after the second or third interview. There were 5 of them.

I applied a few months ago, and got an automatic response with a hackerrank test shortly. Eager to speed up the process, I took the test on the same day, but didn't recieve a response until over a month later. I then had a call with the head of recruitment to ""judge my suitability for the role"", after 2 weeks of what I assume was carefully deliberating whether my skills and character matched the role, he set up another call with me and the head of businesss, which was another non-technical chat and basically a waste of my time. Both of these calls where nothing more than me hearing about how great the company was and barely any questions about my skills or experience.

After yet another week of silence I heard back to learn that I would be doing a pair programming interview next with a software engineer, finally, a real interview! To be fair to them this was the best interview stage by far and I did really enjoy it. It was fun to work with a real senior software engineer and learn a bit from him. Luckily (or so I thought) I ended up impressing him and progressing to the final interview stage after literally a MONTH of waiting. Please also note that the entire time I was emailing the head of recruitment who was supposed to be managing my process, who kept assuring me I'd find out next week and that they were just interviewing a lot of people. I told him I wished to progesss to the last stage as quickly as possible as I had exams just round the corner, but this didn't seem to speed things up at all.

I finally progressed to the last interview stage which was 2 weeks ago and right in the middle of my exams. I had a decent chat with a senior at the company who did ask some pretty good questions about my skills and experience, but after now emailing the head of recruitment twice without a response it appears I'm not recieving one at all. I was lucky enough to recieve an offer from a different company last week which I have since accepted, but to go through 5 interview stages over the course of 3 months to be ghosted at the last stage is beyond frustrating.

TL:DR - 5 interview stages, taking weeks or even months to reply inbetween stages and then ghosting right after the final interview.",2023-06-01 11:29:44
110ou6l,Hiring manager wants me to schedule a meeting using an API call. I have no idea how or where to do that.,"I have a tentative job interview coming up for a Data Engineering job. That being said, the interviewer wants me to schedule the interview using an API call and request a meeting with the API service. I have no idea where or how to do that. Any suggestions?

UPDATE:
Wow this blew up a lot. I was able to figure it out.

To those that were genuinely helpful, thank you for the advice. I‚Äôm always trying to learn and develop my skill set so I appreciate it.

For those that literally brought nothing to the table except bringing me down because of something I don‚Äôt know and want to learn, I‚Äôm glad I don‚Äôt work with y‚Äôall. Y‚Äôall are literally the toxic tech bros that gives tech workers a bad name.

I understand that some of you think I should know this as a DE, and maybe I should, but when I come asking for help and instead am told I am not a capable of working in a CS capacity among other things, that doesn‚Äôt help and is genuinely hurtful. All I literally wanted was just some help and a nudge in the right direction",2023-02-12 20:05:04
15fchbv,I‚Äôm at my wit‚Äôs end. Is the market really this bad?,"Last summer I graduated with no job and little internship experience, didn‚Äôt spend much effort applying to jobs but still got interviews and an entry level job offer within a few weeks. I got laid off two months ago with one year of work experience. Since then I‚Äôve applied to hundreds of jobs with several different iterations of my resume, which I got professionally reviewed, and I‚Äôve gotten nothing except a single interview invitation which was followed by a rejection email with no explanation the next day. I don‚Äôt know what to do. Is it me or is this just how it is right now?",2023-08-01 13:22:02
16f7poq,"for those of you who were laid off from a high paying tech job, how did you recover?","I was laid off from a 270k\~ job (190k base) and there is no way in fuck I'm going to be anywhere near that on my next job.

to make matters worse, after the pandemic happened, I moved back to the midwest, and tech jobs here are scarce.

now im stuck in the midwest with no job. im trying to figure out what to do with my life at this point. should i move to nyc? boston? chicago? back to la?

i have 4 months of severance and 150k in the bank so its not like im in the shitter but i highly doubt i'll be able to get the same type of job. im gonna have to get whatever and continue looking until i get something decent.

has this ever happened to anyone here? what did you do?",2023-09-10 18:31:57
